{
  "project_info": {
    "project_number": "1085368744685",
    "firebase_url": "https://sathi-7855d.firebaseio.com",
    "project_id": "sathi-7855d",
    "storage_bucket": "sathi-7855d.appspot.com"
  },
  "client": [
    {
      "client_info": {
        "mobilesdk_app_id": "1:1085368744685:android:5de84d5ac0369fcb3faae4",
        "android_client_info": {
          "package_name": "com.example.final_sathi"
        }
      },
      "oauth_client": [
        {
          "client_id": "1085368744685-6b5vbu6dbcvt49eh978ut776f655ap2s.apps.googleusercontent.com",
          "client_type": 1,
          "android_info": {
            "package_name": "com.example.final_sathi",
            "certificate_hash": "fbf64730782c3a688bf8c833bca4d45b87ffe407"
          }
        },
        {
          "client_id": "1085368744685-asupthguvt78qdhddcu4miok2lsgl5ed.apps.googleusercontent.com",
          "client_type": 3
        }
      ],
      "api_key": [
        {
          "current_key": "AIzaSyCsG-2BkxOJZ8yUzsfAUe-wMWjDB7kZ6A4"
        }
      ],
      "services": {
        "appinvite_service": {
          "other_platform_oauth_client": [
            {
              "client_id": "1085368744685-asupthguvt78qdhddcu4miok2lsgl5ed.apps.googleusercontent.com",
              "client_type": 3
            }
          ]
        }
      }
    }
  ],
  "configuration_version": "1"
}